{"cameraMode":{"drawMode":0,"name":"Shaded","section":"Shading Mode"},"sceneLighting":true,"audioPlay":false,"sceneViewState":{"m_AlwaysRefresh":false,"showFog":true,"showSkybox":true,"showFlares":true,"showImageEffects":true,"showParticleSystems":true,"showVisualEffectGraphs":true,"m_FxEnabled":true},"in2DMode":false,"pivot":{"x":0.19820307195186616,"y":0.5521066188812256,"z":-0.5391064882278442},"rotation":{"x":0.034805335104465488,"y":0.010840941220521927,"z":0.0001310054212808609,"w":0.9992604851722717},"size":2.5159080028533937,"orthographic":false}