{"cameraMode":{"drawMode":0,"name":"Shaded","section":"Shading Mode"},"sceneLighting":true,"audioPlay":false,"sceneViewState":{"m_AlwaysRefresh":false,"showFog":true,"showSkybox":true,"showFlares":true,"showImageEffects":true,"showParticleSystems":true,"showVisualEffectGraphs":true,"m_FxEnabled":true},"in2DMode":false,"pivot":{"x":-36.72603988647461,"y":-31.742984771728517,"z":102.17911529541016},"rotation":{"x":0.13305114209651948,"y":-0.1606152355670929,"z":0.022281737998127939,"w":0.9777370095252991},"size":60.62055969238281,"orthographic":false}