{"cameraMode":{"drawMode":0,"name":"Shaded","section":"Shading Mode"},"sceneLighting":true,"audioPlay":false,"sceneViewState":{"m_AlwaysRefresh":false,"showFog":true,"showSkybox":true,"showFlares":true,"showImageEffects":true,"showParticleSystems":true,"showVisualEffectGraphs":true,"m_FxEnabled":true},"in2DMode":false,"pivot":{"x":0.16883277893066407,"y":-23.729312896728517,"z":20.658201217651368},"rotation":{"x":-0.4365048110485077,"y":0.01673758774995804,"z":-0.008106880821287632,"w":-0.8994763493537903},"size":22.207965850830079,"orthographic":false}