{"cameraMode":{"drawMode":0,"name":"Shaded","section":"Shading Mode"},"sceneLighting":true,"audioPlay":false,"sceneViewState":{"m_AlwaysRefresh":false,"showFog":true,"showSkybox":true,"showFlares":true,"showImageEffects":true,"showParticleSystems":true,"showVisualEffectGraphs":true,"m_FxEnabled":true},"in2DMode":false,"pivot":{"x":-1.1994270086288453,"y":-56.75770950317383,"z":-85.06716918945313},"rotation":{"x":-0.0009851952781900764,"y":0.9582750797271729,"z":-0.28577545285224917,"w":-0.004742272663861513},"size":57.225860595703128,"orthographic":false}