{"cameraMode":{"drawMode":0,"name":"Shaded","section":"Shading Mode"},"sceneLighting":true,"audioPlay":false,"sceneViewState":{"m_AlwaysRefresh":false,"showFog":true,"showSkybox":true,"showFlares":true,"showImageEffects":true,"showParticleSystems":true,"showVisualEffectGraphs":true,"m_FxEnabled":true},"in2DMode":false,"pivot":{"x":-2.016188383102417,"y":-163.1630859375,"z":310.27496337890627},"rotation":{"x":-0.23801183700561524,"y":0.003505394794046879,"z":-0.0008097233949229121,"w":-0.9712981581687927},"size":180.99937438964845,"orthographic":false}