{"cameraMode":{"drawMode":0,"name":"Shaded","section":"Shading Mode"},"sceneLighting":true,"audioPlay":false,"sceneViewState":{"m_AlwaysRefresh":false,"showFog":true,"showSkybox":true,"showFlares":true,"showImageEffects":true,"showParticleSystems":true,"showVisualEffectGraphs":true,"m_FxEnabled":true},"in2DMode":false,"pivot":{"x":3.519665241241455,"y":0.25498080253601076,"z":1.7866812944412232},"rotation":{"x":-0.12885412573814393,"y":-0.038072619587183,"z":0.004950644448399544,"w":-0.9909164905548096},"size":7.071069717407227,"orthographic":false}