{"cameraMode":{"drawMode":0,"name":"Shaded","section":"Shading Mode"},"sceneLighting":true,"audioPlay":false,"sceneViewState":{"m_AlwaysRefresh":false,"showFog":true,"showSkybox":true,"showFlares":true,"showImageEffects":true,"showParticleSystems":true,"showVisualEffectGraphs":true,"m_FxEnabled":true},"in2DMode":false,"pivot":{"x":-16.232479095458986,"y":-29.57313346862793,"z":-106.76951599121094},"rotation":{"x":-0.009829733520746231,"y":0.9881091713905335,"z":-0.13305477797985078,"w":-0.07611730694770813},"size":57.225860595703128,"orthographic":false}