{"cameraMode":{"drawMode":0,"name":"Shaded","section":"Shading Mode"},"sceneLighting":true,"audioPlay":false,"sceneViewState":{"m_AlwaysRefresh":false,"showFog":true,"showSkybox":true,"showFlares":true,"showImageEffects":true,"showParticleSystems":true,"showVisualEffectGraphs":true,"m_FxEnabled":true},"in2DMode":false,"pivot":{"x":-0.026331981644034387,"y":-15.938281059265137,"z":104.42462921142578},"rotation":{"x":0.07225482165813446,"y":0.005141878500580788,"z":0.00004743120734929107,"w":0.9973499178886414},"size":56.763736724853519,"orthographic":false}